index,unit_id,tenant_name,unit_type,rooms,sq_ft,monthly_rent,subsidy,move_in_date,lease_end_date
0,1 01-001Q,John Smith1,3x1.5 Towhnome,5.0,1286,1068.0,721.0,2019-02-01,2024-01-31
1,2 01-002Q,John Smith2,2x1.5 Townhome,4.0,1122,1195.0,929.0,2020-05-05,2024-05-04
2,3 01-003,John Smith3,2x1.5 Townhome,4.0,1122,1110.0,729.0,2023-03-06,2024-03-05
3,4 01-004Q,John Smith4,3x1.5 Towhnome,5.0,1286,1039.0,710.0,2009-09-30,2023-09-30
4,5 02-005Q,John Smith5,3x1.5 Towhnome,5.0,1286,1244.0,1037.0,2020-04-22,2024-03-31
5,6 02-006Q,John Smith6,2x1.5 Townhome,4.0,1122,899.0,625.0,2020-02-01,2024-01-31
6,7 02-007Q,John Smith7,2x1.5 Townhome,4.0,1122,1200.0,704.0,2022-06-01,2023-05-31
7,8 02-008Q,John Smith8,3x1.5 Towhnome,5.0,1286,1039.0,1003.0,2017-10-13,2023-09-30
8,9 03-009,John Smith9,3x1.5 Towhnome,5.0,1286,1338.0,907.0,2021-10-26,2024-09-30
9,10 03-010,VACANT,3x1.5 Towhnome,5.0,1286,1303.0,0.0,,
10,11 03-011Q,John Smith11,2x1.5 Townhome,4.0,1122,899.0,598.0,2019-10-02,2024-09-30
11,12 03-012Q,John Smith12,2x1.5 Townhome,4.0,1122,899.0,681.0,2014-10-07,2023-12-31
12,13 03-013Q,John Smith13,2x1.5 Townhome,4.0,1122,1232.0,899.0,2019-04-12,2024-03-31
13,14 03-014Q,John Smith14,2x1.5 Townhome,4.0,1122,1133.0,0.0,2017-10-01,2023-10-31
14,15 03-015Q,John Smith15,3x1.5 Towhnome,5.0,1286,982.0,883.0,2018-02-01,2024-03-31
15,16 03-016Q,John Smith16,3x1.5 Towhnome,5.0,1286,1039.0,942.0,2022-06-01,2024-05-31
16,17 04-017Q,John Smith17,3x1.5 Towhnome,5.0,1286,1343.0,624.0,2017-11-01,2024-10-31
17,18 04-018Q,John Smith18,3x1.5 Towhnome,5.0,1286,1022.0,1022.0,2022-11-17,2024-10-31
18,19 04-019Q,John Smith19,2x1.5 Townhome,4.0,1122,929.0,0.0,2022-02-25,2025-01-31
19,20 04-020Q,John Smith20,2x1.5 Townhome,4.0,1122,1207.0,918.0,2022-09-01,2024-08-31
20,21 05-021Q,John Smith21,2x1.5 Townhome,4.0,1122,852.0,852.0,2019-02-15,2023-01-31
21,22 05-022,John Smith22,2x1.5 Townhome,4.0,1122,1852.0,0.0,2020-03-11,2024-02-29
22,23 05-023,John Smith23,3x1.5 Towhnome,5.0,1286,1068.0,599.0,2015-08-21,2024-07-31
23,24 05-024Q,John Smith24,3x1.5 Towhnome,5.0,1286,1037.0,238.0,2008-11-24,2024-05-31
24,25 06-025Q,John Smith25,3x1.5 Towhnome,5.0,1286,1300.0,632.0,2023-10-13,2024-10-12
25,26 06-026,John Smith26,2x1.5 Townhome,4.0,1122,962.0,594.0,2019-12-06,2024-11-30
26,27 06-027,John Smith27,2x1.5 Townhome,4.0,1122,1201.0,551.0,2019-11-27,2024-10-31
27,28 06-028,John Smith28,3x1.5 Towhnome,5.0,1286,1047.0,163.0,2019-03-26,2024-05-01
28,29 06-029,John Smith29,3x1.5 Towhnome,5.0,1286,1335.0,1016.0,2022-11-01,2024-10-31
29,30 06-030Q,John Smith30,2x1.5 Townhome,4.0,1122,926.0,0.0,2017-12-09,2023-12-31
30,31 06-031Q,John Smith31,2x1.5 Townhome,4.0,1122,1125.0,0.0,2009-11-03,2024-10-31
31,32 06-032,John Smith32,3x1.5 Towhnome,5.0,1286,938.0,411.0,2019-04-08,2024-03-31
32,33 07-033,John Smith33,3x1.5 Towhnome,5.0,1286,1155.0,0.0,2022-03-03,2024-02-29
33,34 07-034,John Smith34,2x1.5 Townhome,4.0,1122,852.0,727.0,2015-07-15,2024-04-30
34,35 07-035Q,John Smith35,2x1.5 Townhome,4.0,1122,1197.0,0.0,2022-11-05,2024-02-08
35,36 07-036Q,John Smith36,3x1.5 Towhnome,5.0,1286,1068.0,733.0,2021-11-08,2024-10-31
36,37 08-037Q,John Smith37,3x1.5 Towhnome,5.0,1286,1189.0,775.0,2016-11-22,2024-10-31
37,38 08-038Q,John Smith38,2x1.5 Townhome,4.0,1122,899.0,899.0,2013-11-13,2024-02-28
38,39 08-039Q,John Smith39,2x1.5 Townhome,4.0,1122,917.0,254.0,2021-11-15,2023-11-30
39,40 08-040,John Smith40,3x1.5 Towhnome,5.0,1286,1345.0,0.0,2022-10-09,2024-03-08
40,41 09-041Q,John Smith41,3x1.5 Towhnome,5.0,1286,1108.0,1068.0,2019-06-30,2024-05-31
41,42 09-042Q,John Smith42,3x1.5 Towhnome,5.0,1286,1037.0,936.0,2020-08-14,2024-08-13
42,43 09-043Q,John Smith43,3x1.5 Towhnome,5.0,1286,938.0,662.0,2019-03-01,2024-02-29
43,44 09-044Q,John Smith44,2x1.5 Townhome,4.0,1122,876.0,876.0,2022-07-22,2023-07-21
44,45 09-045Q,VACANT,2x1.5 Townhome,4.0,1122,1155.0,0.0,,
45,46 09-046Q,John Smith46,2x1.5 Townhome,4.0,1122,911.0,474.0,2020-02-01,2024-02-03
46,47 09-047,John Smith47,2x1.5 Townhome,4.0,1122,899.0,812.0,2017-12-01,2024-01-31
47,48 09-048Q,John Smith48,2x1.5 Townhome,4.0,1122,902.0,660.0,2019-01-01,2024-06-30
48,49 09-049,John Smith49,2x1.5 Townhome,4.0,1122,1193.0,878.0,2020-06-05,2024-08-31
49,50 09-050Q,John Smith50,3x1.5 Towhnome,5.0,1286,1331.0,902.0,2023-08-01,2024-07-31
50,51 09-051,John Smith51,3x1.5 Towhnome,5.0,1286,1155.0,0.0,2021-12-06,2024-12-01
51,52 09-052Q,John Smith52,3x1.5 Towhnome,5.0,1286,1339.0,889.0,2022-08-04,2024-07-31
52,53 10-054,VACANT,4x1 Townhome,6.0,2572,1250.0,0.0,,
53,54 10-055,John Smith54,2x1.5 Townhome,4.0,1122,902.0,902.0,2020-03-20,2024-02-29
54,55 10-056,John Smith55,2x1.5 Townhome,4.0,1122,1207.0,550.0,2019-04-12,2024-04-30
55,56 10-057,John Smith56,2x1.5 Townhome,4.0,1122,902.0,0.0,2016-11-01,2024-01-31
56,57 10-058Q,John Smith57,2x1.5 Townhome,4.0,1122,902.0,720.0,2019-03-27,2024-02-28
57,58 10-059Q,John Smith58,4x1 Townhome,6.0,2572,1146.0,0.0,2017-12-01,2023-06-30
58,59 11-061Q,John Smith59,3x1.5 Towhnome,5.0,1286,1331.0,864.0,2022-06-13,2024-05-31
59,60 11-062Q,John Smith60,2x1.5 Townhome,4.0,1122,902.0,747.0,2021-11-01,2023-10-31
60,61 11-063Q,John Smith61,2x1.5 Townhome,4.0,1122,899.0,812.0,2020-08-21,2024-08-20
61,62 11-064Q,John Smith62,3x1.5 Towhnome,5.0,1286,1039.0,855.0,2014-05-23,2023-09-30
62,63 12-065,John Smith63,3x1.5 Towhnome,5.0,1286,1333.0,1068.0,2022-07-28,2024-06-30
63,64 12-066,John Smith64,2x1.5 Townhome,4.0,1122,1205.0,0.0,2008-12-23,2023-11-30
64,65 12-067,John Smith65,2x1.5 Townhome,4.0,1122,902.0,553.0,2017-12-01,2024-04-30
65,66 12-068Q,John Smith66,3x1.5 Towhnome,5.0,1286,1037.0,984.0,2021-06-01,2024-05-31
66,67 13-069Q,John Smith67,3x1.5 Towhnome,5.0,1286,985.0,0.0,2019-08-26,2024-07-31
67,68 13-070,John Smith68,3x1.5 Towhnome,5.0,1286,1264.0,306.0,2023-03-18,2024-03-17
68,69 13-071Q,VACANT,2x1.5 Townhome,4.0,1122,1155.0,0.0,,
69,70 13-072Q,John Smith70,2x1.5 Townhome,4.0,1122,852.0,420.0,2009-06-22,2023-12-31
70,71 13-073,John Smith71,2x1.5 Townhome,4.0,1122,899.0,899.0,2020-02-11,2024-01-31
71,72 13-074Q,John Smith72,2x1.5 Townhome,4.0,1122,913.0,683.0,2020-10-01,2024-10-02
72,73 13-075Q,John Smith73,3x1.5 Towhnome,5.0,1286,1055.0,0.0,2022-06-17,2024-06-16
73,74 13-076Q,John Smith74,3x1.5 Towhnome,5.0,1286,1039.0,814.0,2020-06-01,2024-05-31
74,75 14-077,VACANT,3x1.5 Towhnome,5.0,1286,1303.0,0.0,,
75,76 14-078Q,John Smith76,2x1.5 Townhome,4.0,1122,929.0,466.0,2018-02-02,2024-01-31
76,77 14-079,John Smith77,2x1.5 Townhome,4.0,1122,904.0,301.0,2020-04-01,2024-12-06
77,78 14-080Q,John Smith78,3x1.5 Towhnome,5.0,1286,1039.0,634.0,2020-02-24,2025-01-31
78,79 14-081Q,John Smith79,3x1.5 Towhnome,5.0,1286,1352.0,968.0,2015-09-26,2024-11-30
79,80 14-082Q,John Smith80,2x1.5 Townhome,4.0,1122,1200.0,367.0,2021-02-24,2024-01-31
80,81 14-083Q,John Smith81,2x1.5 Townhome,4.0,1122,910.0,119.0,2016-11-18,2024-01-28
81,82 14-084Q,John Smith82,3x1.5 Towhnome,5.0,1286,1037.0,1037.0,2019-02-18,2024-04-30
82,83 15-085Q,John Smith83,3x1.5 Towhnome,5.0,1286,1037.0,766.0,2019-06-29,2024-05-31
83,84 15-086Q,John Smith84,2x1.5 Townhome,4.0,1122,929.0,837.0,2017-10-20,2024-08-31
84,85 15-087Q,John Smith85,2x1.5 Townhome,4.0,1122,899.0,789.0,2020-01-13,2024-01-12
85,86 15-088,John Smith86,3x1.5 Towhnome,5.0,1286,1334.0,1044.0,2020-02-27,2024-03-31
86,87 16-089Q,John Smith87,3x1.5 Towhnome,5.0,1286,1101.0,606.0,2021-10-01,2024-09-30
87,88 16-090Q,John Smith88,2x1.5 Townhome,4.0,1122,1194.0,712.0,2022-07-07,2024-06-30
88,89 16-091Q,John Smith89,2x1.5 Townhome,4.0,1122,958.0,781.0,2019-08-29,2024-09-24
89,90 16-092Q,John Smith90,3x1.5 Towhnome,5.0,1286,1051.0,0.0,2020-07-28,2024-07-29
90,91 17-093,John Smith91,3x1.5 Towhnome,5.0,1286,1037.0,1037.0,2019-10-18,2024-02-28
91,92 17-094,John Smith92,2x1.5 Townhome,4.0,1122,902.0,250.0,2015-03-12,2024-02-29
92,93 17-095,John Smith93,2x1.5 Townhome,4.0,1122,1196.0,929.0,2022-12-23,2024-11-30
93,94 17-096,John Smith94,3x1.5 Towhnome,5.0,1286,1331.0,1124.0,2023-08-02,2024-08-01
94,95 17-097,John Smith95,3x1.5 Towhnome,5.0,1286,1037.0,1037.0,2019-05-30,2024-04-30
95,96 17-098Q,John Smith96,2x1.5 Townhome,4.0,1122,929.0,929.0,2021-08-16,2024-08-18
96,97 17-099,John Smith97,2x1.5 Townhome,4.0,1122,868.0,714.0,2020-03-04,2024-02-29
97,98 17-100Q,John Smith98,3x1.5 Towhnome,5.0,1286,1037.0,1037.0,2017-01-20,2023-12-31
98,99 18-101Q,John Smith99,3x1.5 Towhnome,5.0,1286,1278.0,1023.0,2023-05-26,2024-05-25
99,100 18-102Q,John Smith100,2x1.5 Townhome,4.0,1122,1320.0,538.0,2022-03-17,2024-02-29
100,101 18-103,John Smith101,2x1.5 Townhome,4.0,1122,1125.0,0.0,2018-08-03,2024-07-31
101,102 18-104,John Smith102,3x1.5 Towhnome,5.0,1286,1331.0,1068.0,2022-12-29,2024-11-30
102,103 18-105,John Smith103,3x1.5 Towhnome,5.0,1286,1039.0,989.0,2019-02-01,2024-01-31
103,104 18-106Q,John Smith104,2x1.5 Townhome,4.0,1122,899.0,899.0,2020-03-05,2024-03-31
104,105 18-107Q,VACANT,2x1.5 Townhome,4.0,1122,1155.0,0.0,,
105,106 18-108Q,John Smith106,3x1.5 Towhnome,5.0,1286,1333.0,780.0,2020-05-15,2024-05-14
106,107 19-109Q,John Smith107,3x1.5 Towhnome,5.0,1286,1039.0,1039.0,2019-06-01,2024-06-30
107,108 19-110Q,John Smith108,2x1.5 Townhome,4.0,1122,899.0,679.0,2013-01-10,2024-02-28
108,109 19-111Q,VACANT,2x1.5 Townhome,4.0,1122,1155.0,0.0,,
109,110 19-112,John Smith110,3x1.5 Towhnome,5.0,1286,1039.0,999.0,2019-02-01,2025-01-31
110,111 20-113Q,John Smith111,3x1.5 Towhnome,5.0,1286,1337.0,1068.0,2020-06-01,2024-05-31
111,112 20-114,John Smith112,2x1.5 Townhome,4.0,1122,899.0,595.0,2020-06-01,2024-05-31
112,113 20-115Q,John Smith113,2x1.5 Townhome,4.0,1122,899.0,263.0,2016-11-04,2023-12-31
113,114 20-116,VACANT,3x1.5 Towhnome,5.0,1286,1303.0,0.0,,
114,115 21-117Q,John Smith115,3x1.5 Towhnome,5.0,1286,1333.0,1105.0,2020-11-03,2023-10-31
115,116 21-118,John Smith116,3x1.5 Towhnome,5.0,1286,1037.0,964.0,2021-05-01,2024-04-30
116,117 21-119,John Smith117,2x1.5 Townhome,4.0,1122,1204.0,840.0,2022-11-07,2023-10-31
117,118 21-120Q,John Smith118,2x1.5 Townhome,4.0,1122,1196.0,763.0,2021-09-01,2024-08-31
118,119 21-121,John Smith119,2x1.5 Townhome,4.0,1122,1114.0,0.0,2022-09-01,2024-08-31
119,120 21-122,John Smith120,2x1.5 Townhome,4.0,1122,876.0,876.0,2021-11-01,2023-10-31
120,121 21-123Q,John Smith121,3x1.5 Towhnome,5.0,1286,1053.0,125.0,2020-02-01,2024-02-03
121,122 21-124,John Smith122,3x1.5 Towhnome,5.0,1286,1068.0,960.0,2020-04-30,2024-03-31
122,123 22-125Q,John Smith123,3x1.5 Towhnome,5.0,1286,1068.0,1018.0,2017-11-01,2024-10-31
123,124 22-126,John Smith124,2x1.5 Townhome,4.0,1122,899.0,729.0,2016-10-14,2024-09-30
124,125 22-127Q,John Smith125,2x1.5 Townhome,4.0,1122,929.0,869.0,2016-09-25,2024-03-31
125,126 22-128Q,John Smith126,3x1.5 Towhnome,5.0,1286,994.0,994.0,2013-06-29,2024-05-31
126,127 23-129Q,John Smith127,3x1.5 Towhnome,5.0,1286,982.0,278.0,2019-04-19,2024-05-31
127,128 23-130Q,John Smith128,2x1.5 Townhome,4.0,1122,889.0,889.0,2022-03-04,2023-03-31
128,129 23-131,John Smith129,2x1.5 Townhome,4.0,1122,899.0,641.0,2021-06-01,2024-05-31
129,130 23-132Q,John Smith130,3x1.5 Towhnome,5.0,1286,1121.0,1037.0,2019-08-13,2024-09-30
130,131 24-133Q,VACANT,3x1.5 Towhnome,5.0,1286,1124.0,0.0,,
131,132 24-134Q,John Smith132,2x1.5 Townhome,4.0,1122,902.0,55.0,2021-11-01,2024-10-31
132,133 24-135Q,John Smith133,2x1.5 Townhome,4.0,1122,1204.0,0.0,2021-09-07,2024-08-31
133,134 24-136Q,John Smith134,3x1.5 Towhnome,5.0,1286,1037.0,1037.0,2020-06-15,2024-06-30
134,135 25-137Q,John Smith135,3x1.5 Towhnome,5.0,1286,1112.0,982.0,2022-12-22,2024-03-01
135,136 25-138,John Smith136,2x1.5 Townhome,4.0,1122,888.0,0.0,2021-12-16,2024-11-30
136,137 25-139Q,John Smith137,2x1.5 Townhome,4.0,1122,1130.0,0.0,2020-08-12,2024-07-31
137,138 25-140Q,VACANT,3x1.5 Towhnome,5.0,1286,1303.0,0.0,,
138,139 26-141Q,John Smith139,3x1.5 Towhnome,5.0,1286,1037.0,1037.0,2017-06-01,2024-03-31
139,140 26-142Q,John Smith140,3x1.5 Towhnome,5.0,1286,1342.0,1068.0,2018-11-16,2024-10-31
140,141 26-143,John Smith141,2x1.5 Townhome,4.0,1122,1199.0,929.0,2018-01-15,2024-04-30
141,142 26-144Q,John Smith142,2x1.5 Townhome,4.0,1122,1133.0,0.0,2022-06-13,2024-05-31
142,143 26-145,John Smith143,2x1.5 Townhome,4.0,1122,902.0,733.0,2020-06-19,2024-06-18
143,144 26-146,John Smith144,2x1.5 Townhome,4.0,1122,902.0,902.0,2020-08-25,2024-08-31
144,145 26-147Q,John Smith145,3x1.5 Towhnome,5.0,1286,1068.0,569.0,2021-11-18,2023-10-31
145,146 26-148Q,John Smith146,3x1.5 Towhnome,5.0,1286,1343.0,295.0,2013-03-08,2024-02-29
146,147 27-149,John Smith147,3x1.5 Towhnome,5.0,1286,1037.0,0.0,2012-12-22,2024-06-30
147,148 27-150Q,John Smith148,2x1.5 Townhome,4.0,1122,1207.0,800.0,2022-07-11,2023-06-30
148,149 27-151Q,John Smith149,2x1.5 Townhome,4.0,1122,1195.0,0.0,2009-06-05,2024-05-31
149,150 27-152Q,John Smith150,3x1.5 Towhnome,5.0,1286,1039.0,1039.0,2021-10-26,2024-09-30
150,151 28-153,John Smith151,3x1.5 Towhnome,5.0,1286,1124.0,1048.0,2023-12-08,2024-12-07
151,152 28-154,John Smith152,2x1.5 Townhome,4.0,1122,918.0,899.0,2020-10-22,2024-10-23
152,153 28-155Q,John Smith153,2x1.5 Townhome,4.0,1122,899.0,474.0,2020-03-06,2024-02-28
153,154 28-156,John Smith154,3x1.5 Towhnome,5.0,1286,1037.0,862.0,2014-08-14,2024-07-31
154,155 29-160,John Smith155,3x1.25 Towhnome,5.0,1286,1332.0,567.0,2021-07-06,2024-06-30
155,156 29-161,John Smith156,3x1.25 Towhnome,5.0,1286,1068.0,334.0,2021-02-01,2024-01-31
156,157 29-162,John Smith157,2x1.25 Townhome,4.0,1122,902.0,902.0,2020-07-07,2024-08-31
157,158 29-163,John Smith158,2x1.25 Townhome,4.0,1122,892.0,704.0,2013-07-02,2024-06-30
158,159 29-164Q,John Smith159,2x1.5 Townhome,4.0,1122,1130.0,0.0,2009-02-16,2023-10-31
159,160 29-165,VACANT,2x1.25 Townhome,4.0,1122,1175.0,0.0,,
160,161 29-166,John Smith161,2x1.25 Townhome,4.0,1122,904.0,0.0,2022-01-12,2023-12-31
161,162 29-167,John Smith162,2x1.25 Townhome,4.0,1122,1188.0,0.0,2021-11-12,2023-10-31
162,163 29-168,John Smith163,2x1.25 Townhome,4.0,1122,929.0,811.0,2015-12-15,2023-11-30
163,164 29-169Q,John Smith164,3x1.5 Towhnome,5.0,1286,938.0,938.0,2019-02-21,2024-01-31
164,165 29-170Q,John Smith165,3x1.5 Towhnome,5.0,1286,1054.0,1039.0,2021-10-29,2024-10-01
165,166 29-171Q,John Smith166,2x1.5 Townhome,4.0,1122,1197.0,491.0,2022-10-21,2024-10-21
166,167 29-172,John Smith167,2x1.25 Townhome,4.0,1122,1188.0,929.0,2019-03-01,2024-04-30
167,168 29-173,John Smith168,3x1.25 Towhnome,5.0,1286,1322.0,720.0,2017-10-01,2024-09-30
168,169 30-144,John Smith169,3x1.25 Towhnome,5.0,1286,1322.0,1039.0,2022-05-10,2023-05-09
169,170 30-145,John Smith170,3x1.25 Towhnome,5.0,1286,1310.0,392.0,2023-12-01,2024-11-30
170,171 30-146,John Smith171,2x1.25 Townhome,4.0,1122,872.0,0.0,2022-02-18,2023-02-28
171,172 30-147Q,VACANT,2x1.5 Townhome,4.0,1122,1155.0,0.0,,
172,173 30-148,VACANT,2x1.25 Townhome,4.0,1122,1175.0,0.0,,
173,174 30-149,John Smith174,3x1.25 Towhnome,5.0,1286,1233.0,1008.0,2023-04-06,2024-04-05
174,175 30-150,John Smith175,3x1.25 Towhnome,5.0,1286,952.0,932.0,2021-04-01,2024-03-31
175,176 30-151Q,John Smith176,2x1.5 Townhome,4.0,1122,954.0,935.0,2021-04-01,2024-03-31
176,177 30-152,John Smith177,2x1.25 Townhome,4.0,1122,1168.0,627.0,2023-10-06,2024-10-05
177,178 30-153Q,John Smith178,3x1.5 Towhnome,5.0,1286,1049.0,0.0,2019-12-31,2024-02-02
178,179 30-154,John Smith179,3x1.25 Towhnome,5.0,1286,1037.0,975.0,2019-06-28,2024-05-31
179,180 30-155Q,John Smith180,2x1.5 Townhome,4.0,1122,876.0,835.0,2020-06-19,2024-07-31
180,181 30-156Q,John Smith181,2x1.5 Townhome,4.0,1122,899.0,899.0,2015-12-17,2023-12-31
181,182 30-157,John Smith182,2x1.25 Townhome,4.0,1122,1188.0,929.0,2019-12-31,2024-03-31
182,183 30-158,John Smith183,3x1.25 Towhnome,5.0,1286,1332.0,1068.0,2022-07-05,2023-06-30
183,184 30-159,John Smith184,3x1.25 Towhnome,5.0,1286,1332.0,750.0,2019-04-17,2024-07-31
184,185 31-125,John Smith185,3x1.25 Towhnome,5.0,1286,1097.0,970.0,2020-10-23,2024-09-30
185,186 31-126Q,John Smith186,3x1.5 Towhnome,5.0,1286,1068.0,743.0,2018-02-01,2024-01-31
186,187 31-127Q,John Smith187,2x1.5 Townhome,4.0,1122,1194.0,610.0,2019-07-16,2024-06-30
187,188 31-128,John Smith188,2x1.25 Townhome,4.0,1122,1133.0,0.0,2022-09-12,2024-08-31
188,189 31-129,John Smith189,2x1.25 Townhome,4.0,1122,899.0,630.0,2019-11-15,2024-10-31
189,190 31-130,John Smith190,2x1.25 Townhome,4.0,1122,1188.0,426.0,2017-01-01,2023-12-31
190,191 31-131,John Smith191,2x1.25 Townhome,4.0,1122,899.0,714.0,2017-12-01,2023-11-30
191,192 31-132,John Smith192,2x1.25 Townhome,4.0,1122,1188.0,0.0,2020-07-28,2024-06-30
192,193 31-133,John Smith193,2x1.25 Townhome,4.0,1122,899.0,751.0,2023-02-17,2024-02-16
193,194 31-134,VACANT,2x1.25 Townhome,4.0,1122,1175.0,0.0,,
194,195 31-135,John Smith195,2x1.25 Townhome,4.0,1122,902.0,902.0,2020-07-21,2024-07-20
195,196 31-136Q,John Smith196,2x1.5 Townhome,4.0,1122,852.0,389.0,2019-03-22,2024-04-30
196,197 31-137,John Smith197,2x1.25 Townhome,4.0,1122,1188.0,929.0,2022-06-01,2024-05-31
197,198 31-138,John Smith198,3x1.25 Towhnome,5.0,1286,1292.0,417.0,2023-11-01,2024-11-30
198,199 31-139,John Smith199,2x1.25 Townhome,4.0,1122,915.0,423.0,2016-05-27,2023-11-30
199,200 31-140,John Smith200,2x1.25 Townhome,4.0,1122,1188.0,534.0,2022-07-12,2023-07-11
200,201 31-141,VACANT,2x1.25 Townhome,4.0,1122,985.0,0.0,,
201,202 31-142,John Smith202,2x1.25 Townhome,4.0,1122,899.0,569.0,2018-03-17,2024-02-29
202,203 31-143Q,John Smith203,3x1.5 Towhnome,5.0,1286,1078.0,789.0,2023-04-19,2024-04-18
203,204 32-113,John Smith204,3x1.25 Towhnome,5.0,1286,1037.0,987.0,2018-06-01,2024-05-31
204,205 32-114,John Smith205,3x1.25 Towhnome,5.0,1286,938.0,799.0,2019-03-21,2024-03-31
205,206 32-115,John Smith206,2x1.25 Townhome,4.0,1122,868.0,732.0,2017-09-01,2024-11-30
206,207 32-116,John Smith207,2x1.25 Townhome,4.0,1122,961.0,876.0,2015-10-30,2024-09-30
207,208 32-117,John Smith208,2x1.25 Townhome,4.0,1122,1188.0,929.0,2022-06-01,2024-05-31
208,209 32-118,John Smith209,2x1.25 Townhome,4.0,1122,899.0,634.0,2015-12-08,2024-02-28
209,210 32-119,John Smith210,2x1.25 Townhome,4.0,1122,929.0,449.0,2016-06-20,2023-11-30
210,211 32-120,John Smith211,2x1.25 Townhome,4.0,1122,1188.0,843.0,2021-11-02,2023-11-01
211,212 32-121,John Smith212,2x1.25 Townhome,4.0,1122,1125.0,0.0,2021-10-01,2024-09-30
212,213 32-122,John Smith213,2x1.25 Townhome,4.0,1122,876.0,876.0,2020-06-01,2024-06-30
213,214 32-123,John Smith214,3x1.25 Towhnome,5.0,1286,982.0,747.0,2018-06-01,2023-12-31
214,215 32-124,John Smith215,3x1.25 Towhnome,5.0,1286,1038.0,898.0,2020-04-03,2024-06-30
215,216 33-102,John Smith216,3x1.25 Towhnome,5.0,1286,1322.0,778.0,2019-03-19,2024-03-31
216,217 33-103,John Smith217,3x1.25 Towhnome,5.0,1286,1332.0,1068.0,2021-10-01,2024-09-30
217,218 33-104,John Smith218,2x1.25 Townhome,4.0,1122,1088.0,672.0,2022-06-01,2024-05-31
218,219 33-105Q,John Smith219,2x1.5 Townhome,4.0,1122,1198.0,694.0,2021-11-01,2024-10-31
219,220 33-106Q,John Smith220,2x1.5 Townhome,4.0,1122,1206.0,744.0,2021-06-18,2024-06-17
220,221 33-107,John Smith221,2x1.25 Townhome,4.0,1122,899.0,323.0,2020-05-08,2024-04-30
221,222 33-108Q,John Smith222,2x1.5 Townhome,4.0,1122,899.0,0.0,2019-12-31,2024-02-28
222,223 33-109Q,John Smith223,2x1.5 Townhome,4.0,1122,1130.0,0.0,2019-09-28,2024-08-31
223,224 33-110Q,John Smith224,2x1.5 Townhome,4.0,1122,912.0,790.0,2019-05-24,2024-11-01
224,225 33-111Q,John Smith225,3x1.5 Towhnome,5.0,1286,1110.0,883.0,2018-06-15,2024-08-27
225,226 33-112Q,John Smith226,3x1.5 Towhnome,5.0,1286,1037.0,679.0,2017-08-01,2024-07-31
226,227 34-084,John Smith227,3x1.25 Towhnome,5.0,1286,1051.0,935.0,2016-06-01,2024-10-31
227,228 34-085,VACANT,3x1.25 Towhnome,5.0,1286,1310.0,0.0,,
228,229 34-086,John Smith229,2x1.25 Townhome,4.0,1122,929.0,929.0,2019-03-15,2024-02-29
229,230 34-087,John Smith230,2x1.25 Townhome,4.0,1122,899.0,796.0,2021-07-01,2024-06-30
230,231 34-088,John Smith231,2x1.25 Townhome,4.0,1122,929.0,916.0,2015-03-13,2023-09-30
231,232 34-089,John Smith232,2x1.25 Townhome,4.0,1122,902.0,902.0,2015-04-01,2023-12-31
232,233 34-090Q,John Smith233,3x1.5 Towhnome,5.0,1286,1344.0,439.0,2022-10-06,2024-09-30
233,234 34-091,John Smith234,2x1.25 Townhome,4.0,1122,899.0,0.0,2017-09-01,2024-08-31
234,235 34-092,John Smith235,2x1.25 Townhome,4.0,1122,1188.0,929.0,2021-10-21,2024-10-01
235,236 34-093,John Smith236,2x1.25 Townhome,4.0,1122,1133.0,0.0,2022-07-22,2024-06-30
236,237 34-094,John Smith237,2x1.25 Townhome,4.0,1122,780.0,780.0,2019-03-18,2024-06-30
237,238 34-095,John Smith238,3x1.25 Towhnome,5.0,1286,1011.0,489.0,2019-07-17,2024-07-02
238,239 34-096Q,John Smith239,2x1.5 Townhome,4.0,1122,899.0,899.0,2019-08-09,2023-09-30
239,240 34-097,John Smith240,2x1.25 Townhome,4.0,1122,899.0,899.0,2021-07-14,2024-08-02
240,241 34-098,John Smith241,2x1.25 Townhome,4.0,1122,1188.0,929.0,2022-08-12,2023-08-11
241,242 34-099,John Smith242,2x1.25 Townhome,4.0,1122,929.0,770.0,2015-06-24,2023-10-31
242,243 34-100,John Smith243,3x1.25 Towhnome,5.0,1286,1332.0,1068.0,2018-12-20,2023-11-30
243,244 34-101,John Smith244,3x1.25 Towhnome,5.0,1286,1037.0,1037.0,2017-07-31,2024-06-30
244,245 35-070,John Smith245,3x1.25 Towhnome,5.0,1286,1047.0,0.0,2020-09-18,2024-09-19
245,246 35-071,John Smith246,2x1.25 Townhome,4.0,1122,915.0,902.0,2020-07-01,2023-11-30
246,247 35-072,John Smith247,2x1.25 Townhome,4.0,1122,899.0,899.0,2018-05-04,2024-04-30
247,248 35-073,VACANT,2x1.25 Townhome,4.0,1122,1175.0,0.0,,
248,249 35-074Q,John Smith249,2x1.5 Townhome,4.0,1122,914.0,849.0,2018-03-24,2024-06-30
249,250 35-075,John Smith250,3x1.25 Towhnome,5.0,1286,1037.0,633.0,2015-08-10,2024-08-31
250,251 36-076,VACANT,3x1.25 Towhnome,5.0,1286,1310.0,0.0,,
251,252 36-077Q,John Smith252,3x1.5 Towhnome,5.0,1286,1333.0,1068.0,2019-01-01,2023-07-31
252,253 36-078,John Smith253,2x1.25 Townhome,4.0,1122,902.0,780.0,2013-05-25,2023-12-31
253,254 36-079,John Smith254,2x1.25 Townhome,4.0,1122,936.0,899.0,2023-03-09,2024-03-08
254,255 36-080Q,John Smith255,2x1.5 Townhome,4.0,1122,1204.0,929.0,2022-12-20,2024-11-30
255,256 36-081,John Smith256,2x1.25 Townhome,4.0,1122,899.0,899.0,2017-02-01,2024-02-28
256,257 36-082Q,VACANT,3x1.5 Towhnome,5.0,1286,1303.0,0.0,,
257,258 36-083,John Smith258,3x1.25 Towhnome,5.0,1286,1322.0,964.0,2018-02-01,2024-01-31
258,259 37-062,John Smith259,3x1.25 Towhnome,5.0,1286,962.0,673.0,2018-01-12,2023-12-31
259,260 37-063,John Smith260,2x1.25 Townhome,4.0,1122,902.0,902.0,2019-12-31,2023-03-31
260,261 37-064,John Smith261,2x1.25 Townhome,4.0,1122,902.0,902.0,2020-02-21,2024-02-20
261,262 37-065,John Smith262,2x1.25 Townhome,4.0,1122,1188.0,929.0,2020-03-02,2024-03-01
262,263 37-066,John Smith263,2x1.25 Townhome,4.0,1122,1188.0,929.0,2019-03-22,2024-07-31
263,264 37-067,John Smith264,2x1.25 Townhome,4.0,1122,910.0,620.0,2019-08-28,2024-09-01
264,265 37-068Q,John Smith265,3x1.5 Towhnome,5.0,1286,1037.0,373.0,2021-05-14,2024-05-13
265,266 37-069,John Smith266,3x1.25 Towhnome,5.0,1286,875.0,512.0,2019-03-13,2024-03-31
266,267 38-044,John Smith267,3x1.25 Towhnome,5.0,1286,1037.0,947.0,2020-10-13,2023-10-12
267,268 38-045,John Smith268,3x1.25 Towhnome,5.0,1286,1300.0,0.0,2023-08-01,2024-07-31
268,269 38-046,John Smith269,2x1.25 Townhome,4.0,1122,899.0,849.0,2017-10-01,2023-12-31
269,270 38-047,John Smith270,2x1.25 Townhome,4.0,1122,1188.0,929.0,2021-03-23,2024-03-31
270,271 38-048Q,John Smith271,2x1.5 Townhome,4.0,1122,1664.0,403.0,2019-06-26,2024-05-31
271,272 38-049,John Smith272,2x1.25 Townhome,4.0,1122,1125.0,0.0,2022-09-02,2024-08-31
272,273 38-050,John Smith273,3x1.25 Towhnome,5.0,1286,1037.0,1037.0,2020-12-01,2024-11-30
273,274 38-051,John Smith274,2x1.25 Townhome,4.0,1122,990.0,929.0,2022-01-01,2024-07-12
274,275 38-052,John Smith275,2x1.25 Townhome,4.0,1122,899.0,0.0,2014-01-14,2023-10-31
275,276 38-053,John Smith276,2x1.25 Townhome,4.0,1122,1188.0,929.0,2021-02-25,2024-01-31
276,277 38-054,John Smith277,2x1.25 Townhome,4.0,1122,1188.0,0.0,2022-02-02,2024-01-31
277,278 38-055,John Smith278,3x1.25 Towhnome,5.0,1286,1047.0,794.0,2020-05-01,2024-04-02
278,279 38-056Q,John Smith279,2x1.5 Townhome,4.0,1122,926.0,0.0,2008-11-14,2023-02-28
279,280 38-057,John Smith280,2x1.25 Townhome,4.0,1122,1188.0,929.0,2022-11-07,2024-10-31
280,281 38-058,John Smith281,2x1.25 Townhome,4.0,1122,902.0,732.0,2014-08-15,2024-07-31
281,282 38-059,John Smith282,2x1.25 Townhome,4.0,1122,876.0,742.0,2020-04-20,2024-04-19
282,283 38-060,John Smith283,3x1.25 Towhnome,5.0,1286,1089.0,985.0,2021-05-01,2024-04-30
283,284 38-061Q,John Smith284,3x1.5 Towhnome,5.0,1286,1124.0,1072.0,2023-11-08,2024-11-07
284,285 39-036,John Smith285,3x1.25 Towhnome,5.0,1286,1037.0,1037.0,2019-12-03,2024-03-31
285,286 39-037,John Smith286,3x1.25 Towhnome,5.0,1286,982.0,816.0,2019-04-12,2024-04-30
286,287 39-038,John Smith287,2x1.25 Townhome,4.0,1122,969.0,700.0,2015-08-01,2024-07-31
287,288 39-039,John Smith288,2x1.25 Townhome,4.0,1122,902.0,532.0,2019-06-21,2024-05-31
288,289 39-040,John Smith289,2x1.25 Townhome,4.0,1122,1188.0,929.0,2020-06-02,2024-05-31
289,290 39-041,John Smith290,2x1.25 Townhome,4.0,1122,1188.0,727.0,2016-03-08,2024-05-31
290,291 39-042,John Smith291,3x1.25 Towhnome,5.0,1286,1332.0,1068.0,2019-04-12,2024-03-31
291,292 39-043Q,John Smith292,3x1.5 Towhnome,5.0,1286,1294.0,748.0,2023-10-19,2024-10-18
292,293 40-030,John Smith293,3x1.25 Towhnome,5.0,1286,1006.0,553.0,2023-05-08,2024-05-07
293,294 40-031,John Smith294,2x1.25 Townhome,4.0,1122,899.0,590.0,2021-02-01,2024-01-31
294,295 40-032,John Smith295,2x1.25 Townhome,4.0,1122,1188.0,913.0,2022-07-19,2024-06-30
295,296 40-033Q,John Smith296,2x1.5 Townhome,4.0,1122,957.0,520.0,2020-09-23,2024-09-22
296,297 40-034,John Smith297,2x1.25 Townhome,4.0,1122,902.0,861.0,2019-04-19,2024-03-31
297,298 40-035Q,John Smith298,3x1.5 Towhnome,5.0,1286,1037.0,1037.0,2016-02-02,2024-08-31
298,299 41-022,John Smith299,3x1.25 Towhnome,5.0,1286,982.0,667.0,2019-04-29,2024-04-30
299,300 41-023,John Smith300,3x1.25 Towhnome,5.0,1286,1332.0,847.0,2019-04-25,2024-03-31
300,301 41-024,John Smith301,2x1.25 Townhome,4.0,1122,852.0,852.0,2020-06-15,2024-05-31
301,302 41-025,John Smith302,2x1.25 Townhome,4.0,1122,1188.0,954.0,2023-06-20,2024-06-19
302,303 41-026,John Smith303,2x1.25 Townhome,4.0,1122,899.0,899.0,2020-09-01,2024-08-31
303,304 41-027,John Smith304,2x1.25 Townhome,4.0,1122,900.0,491.0,2019-07-10,2024-08-31
304,305 41-028,John Smith305,3x1.25 Towhnome,5.0,1286,1332.0,641.0,2017-12-15,2024-11-30
305,306 41-029Q,John Smith306,3x1.5 Towhnome,5.0,1286,1364.0,989.0,2017-08-26,2024-06-30
306,307 42-010,John Smith307,3x1.25 Towhnome,5.0,1286,1037.0,1037.0,2018-06-01,2023-09-30
307,308 42-011Q,John Smith308,3x1.5 Towhnome,5.0,1286,1128.0,998.0,2020-01-08,2024-09-11
308,309 42-012Q,John Smith309,2x1.5 Townhome,4.0,1122,1201.0,0.0,2021-09-27,2024-08-31
309,310 42-013,John Smith310,2x1.25 Townhome,4.0,1122,899.0,307.0,2021-03-21,2024-02-28
310,311 42-014,John Smith311,2x1.25 Townhome,4.0,1122,915.0,899.0,2019-11-01,2023-11-03
311,312 42-015,VACANT,3x1.25 Towhnome,5.0,1286,1124.0,0.0,,
312,313 42-016,John Smith313,2x1.25 Townhome,4.0,1122,1188.0,807.0,2022-07-01,2023-06-30
313,314 42-017Q,John Smith314,2x1.5 Townhome,4.0,1122,1197.0,612.0,2016-02-03,2023-12-31
314,315 42-018,John Smith315,2x1.25 Townhome,4.0,1122,971.0,0.0,2018-04-01,2024-09-30
315,316 42-019Q,John Smith316,2x1.5 Townhome,4.0,1122,899.0,795.0,2020-07-27,2024-06-30
316,317 42-020Q,John Smith317,3x1.5 Towhnome,5.0,1286,1068.0,1068.0,2018-05-04,2024-04-30
317,318 42-021Q,John Smith318,3x1.5 Towhnome,5.0,1286,1037.0,651.0,2016-06-08,2024-05-31
318,319 43-101AQ,John Smith319,1x1 Garden,3.0,523,716.0,445.0,2019-12-18,2024-01-02
319,320 43-102AQ,John Smith320,1x1 Garden,3.0,523,947.0,563.0,2023-03-17,2024-03-16
320,321 43-103AQ,John Smith321,1x1 Garden,3.0,523,758.0,401.0,2018-03-18,2031-12-31
321,322 43-104A,John Smith322,1x1 Garden,3.0,523,758.0,755.0,2020-12-23,2023-12-22
322,323 43-201AQ,John Smith323,1x1 Garden,3.0,523,758.0,716.0,2020-12-01,2023-11-30
323,324 43-202AQ,John Smith324,1x1 Garden,3.0,523,670.0,0.0,2019-07-01,2024-07-01
324,325 43-203A,John Smith325,1x1 Garden,3.0,523,758.0,755.0,2021-04-01,2024-03-31
325,326 43-204AQ,John Smith326,1x1 Garden,3.0,523,1093.0,617.0,2021-05-15,2024-05-14
326,327 44-101BQ,John Smith327,1x1 Garden,3.0,523,790.0,575.0,2019-07-25,2024-01-30
327,328 44-102BQ,John Smith328,1x1 Garden,3.0,523,758.0,745.0,2021-07-01,2024-06-30
328,329 44-103B,John Smith329,1x1 Garden,3.0,523,822.0,605.0,2014-09-24,2024-08-31
329,330 44-104B,John Smith330,1x1 Garden,3.0,523,953.0,563.0,2021-06-01,2024-05-31
330,331 44-201BQ,John Smith331,1x1 Garden,3.0,523,682.0,274.0,2019-04-23,2024-04-02
331,332 44-202BQ,John Smith332,1x1 Garden,3.0,523,847.0,644.0,2023-11-01,2024-10-31
332,333 44-203B,VACANT,1x1 Garden,3.0,523,1071.0,0.0,,
333,334 44-204B,John Smith334,1x1 Garden,3.0,523,780.0,0.0,2021-09-27,2024-08-31
334,335 45-101CQ,John Smith335,1x1 Garden Reh,3.0,523,710.0,483.0,2016-08-01,2024-03-02
335,336 45-102CQ,John Smith336,1x1 Garden Reh,3.0,523,822.0,28.0,2015-09-24,2023-10-31
336,337 45-103CQ,VACANT,1x1 Garden Reh,3.0,523,866.0,0.0,,
337,338 45-104CQ,John Smith338,1x1 Garden Reh,3.0,523,822.0,627.0,2018-02-01,2024-01-31
338,339 45-201C,John Smith339,1x1 Garden Reh,3.0,523,758.0,551.0,2021-06-01,2024-05-31
339,340 45-202C,John Smith340,1x1 Garden Reh,3.0,523,865.0,819.0,2021-09-16,2024-09-30
340,341 45-203C,John Smith341,1x1 Garden Reh,3.0,523,812.0,553.0,2019-11-01,2024-10-31
341,342 45-204C,John Smith342,1x1 Garden Reh,3.0,523,871.0,819.0,2016-08-22,2024-07-31
342,343 46-101DQ,John Smith343,1x1 Garden,3.0,523,758.0,561.0,2017-11-01,2024-02-28
343,344 46-102DQ,John Smith344,1x1 Garden,3.0,523,771.0,422.0,2020-09-02,2024-09-03
344,345 46-103DQ,John Smith345,1x1 Garden,3.0,523,758.0,553.0,2018-11-06,2024-10-31
345,346 46-104DQ,John Smith346,1x1 Garden,3.0,523,847.0,476.0,2009-01-09,2024-10-31
346,347 46-201D,John Smith347,1x1 Garden,3.0,523,1093.0,661.0,2001-05-01,2024-04-30
347,348 46-202D,John Smith348,1x1 Garden,3.0,523,1101.0,809.0,2022-09-12,2023-09-11
348,349 46-203DQ,John Smith349,1x1 Garden,3.0,523,929.0,578.0,2022-11-16,2024-03-09
349,350 46-204DQ,John Smith350,1x1 Garden,3.0,523,836.0,563.0,2022-10-04,2024-09-30
350,351 47-101EQ,John Smith351,1x1 Garden,3.0,523,822.0,245.0,2020-11-30,2023-11-29
351,352 47-102EQ,John Smith352,1x1 Garden,3.0,523,757.0,0.0,2019-04-30,2024-03-31
352,353 47-103E,VACANT,1x1 Garden,3.0,523,1071.0,0.0,,
353,354 47-104EQ,John Smith354,1x1 Garden,3.0,523,780.0,516.0,2019-06-20,2024-05-31
354,355 47-201EQ,John Smith355,1x1 Garden,3.0,523,700.0,473.0,2019-06-18,2024-05-31
355,356 47-202EQ,John Smith356,1x1 Garden,3.0,523,1095.0,620.0,2021-11-05,2023-10-31
356,357 47-203E,John Smith357,1x1 Garden,3.0,523,758.0,541.0,2021-05-01,2024-04-30
357,358 47-204EQ,John Smith358,1x1 Garden,3.0,523,780.0,763.0,2021-10-01,2023-09-30
358,359 48-101FQ,John Smith359,1x1 Garden,3.0,523,780.0,763.0,2020-07-01,2024-06-30
359,360 48-102FQ,John Smith360,1x1 Garden,3.0,523,1068.0,260.0,2022-12-19,2024-02-21
360,361 48-103FQ,John Smith361,1x1 Garden,3.0,523,822.0,819.0,2020-10-01,2024-09-30
361,362 48-104F,John Smith362,1x1 Garden,3.0,523,1000.0,819.0,2020-07-01,2024-06-30
362,363 48-201F,John Smith363,1x1 Garden,3.0,523,814.0,796.0,2021-10-06,2024-10-01
363,364 48-202F,John Smith364,1x1 Garden,3.0,523,803.0,0.0,2019-02-01,2024-04-30
364,365 48-203F,John Smith365,1x1 Garden,3.0,523,1097.0,0.0,2017-02-06,2024-07-01
365,366 48-204FQ,John Smith366,1x1 Garden,3.0,523,700.0,683.0,2017-02-17,2024-05-31
366,367 49-101GQ,John Smith367,1x1 Garden,3.0,523,1400.0,700.0,2020-06-01,2024-05-31
367,368 49-102G,John Smith368,1x1 Garden,3.0,523,771.0,536.0,2020-02-27,2024-02-29
368,369 49-103GQ,John Smith369,1x1 Garden,3.0,523,780.0,763.0,2019-06-27,2023-10-31
369,370 49-104G,John Smith370,1x1 Garden,3.0,523,1091.0,633.0,2015-05-09,2023-11-30
370,371 49-201G,John Smith371,1x1 Garden,3.0,523,700.0,495.0,2019-04-01,2024-03-31
371,372 49-202GQ,John Smith372,1x1 Garden,3.0,523,780.0,763.0,2019-03-21,2024-03-31
372,373 49-203GQ,John Smith373,1x1 Garden,3.0,523,758.0,0.0,2019-08-01,2023-07-31
373,374 49-204G,John Smith374,1x1 Garden,3.0,523,1092.0,645.0,2022-12-01,2023-11-30
374,375 50-101H,John Smith375,1x1 Garden,3.0,523,822.0,571.0,2019-12-13,2024-11-30
375,376 50-102HQ,John Smith376,1x1 Garden,3.0,523,861.0,765.0,2020-09-23,2024-09-22
376,377 50-103H,John Smith377,1x1 Garden,3.0,523,780.0,767.0,2016-02-29,2023-10-31
377,378 50-104H,John Smith378,1x1 Garden,3.0,523,1096.0,427.0,2021-10-07,2023-10-06
378,379 50-201HQ,John Smith379,1x1 Garden,3.0,523,822.0,605.0,2018-11-06,2024-11-30
379,380 50-202HQ,John Smith380,1x1 Garden,3.0,523,822.0,290.0,2016-11-01,2023-11-30
380,381 50-203H,John Smith381,1x1 Garden,3.0,523,1094.0,723.0,2021-11-29,2023-10-31
381,382 50-204HQ,John Smith382,1x1 Garden,3.0,523,1043.0,573.0,2019-06-29,2024-05-31
382,383 51-101J,John Smith383,1x1 Garden,3.0,523,1093.0,456.0,2018-06-01,2024-05-31
383,384 51-102J,VACANT,1x1 Garden,3.0,523,866.0,0.0,,
384,385 51-103J,John Smith385,1x1 Garden,3.0,523,975.0,585.0,2020-06-05,2024-05-31
385,386 51-104JQ,John Smith386,1x1 Garden,3.0,523,1094.0,597.0,2013-03-04,2024-02-29
386,387 51-201J,John Smith387,1x1 Garden,3.0,523,780.0,563.0,2019-11-01,2023-10-31
387,388 51-202J,John Smith388,1x1 Garden,3.0,523,856.0,549.0,2019-08-30,2024-09-30
388,389 51-203J,John Smith389,1x1 Garden,3.0,523,758.0,547.0,2018-01-24,2024-04-30
389,390 51-204JQ,John Smith390,1x1 Garden,3.0,523,1090.0,707.0,2015-01-31,2023-09-30
390,391 52-101KQ,John Smith391,1x1 Garden,3.0,523,1097.0,863.0,2019-02-01,2023-12-31
391,392 52-102KQ,John Smith392,1x1 Garden,3.0,523,1100.0,646.0,2023-02-03,2024-01-31
392,393 52-103K,John Smith393,1x1 Garden,3.0,523,1029.0,863.0,2020-06-15,2024-05-31
393,394 52-104K,John Smith394,1x1 Garden,3.0,523,700.0,502.0,2018-10-30,2023-11-30
394,395 52-201K,John Smith395,1x1 Garden,3.0,523,700.0,700.0,2020-03-04,2024-03-03
395,396 52-202K,John Smith396,1x1 Garden,3.0,523,1093.0,611.0,2020-02-01,2023-03-31
396,397 52-203KQ,John Smith397,1x1 Garden,3.0,523,1095.0,819.0,2022-08-01,2023-07-31
397,398 52-204KQ,John Smith398,1x1 Garden,3.0,523,758.0,711.0,2015-09-04,2023-10-31
398,399 53-001Q,John Smith399,2x1.5 Townhome,4.0,1122,1068.0,763.0,2019-04-11,2024-03-31
399,400 53-002,John Smith400,2x1.5 Townhome,4.0,1122,929.0,929.0,2021-11-15,2023-11-30
400,401 53-003Q,John Smith401,2x1.5 Townhome,4.0,1122,955.0,708.0,2021-11-02,2024-10-31
401,402 53-004,John Smith402,2x1.5 Townhome,4.0,1122,899.0,658.0,2015-07-30,2024-02-28
402,403 53-005,John Smith403,2x1.5 Townhome,4.0,1122,899.0,899.0,2019-12-31,2023-11-30
403,404 53-006,John Smith404,2x1.5 Townhome,4.0,1122,1196.0,259.0,2018-01-11,2024-08-31
404,405 53-007,John Smith405,2x1.5 Townhome,4.0,1122,913.0,485.0,2019-06-04,2024-06-02
405,406 53-008Q,VACANT,2x1.5 Townhome,4.0,1122,1155.0,0.0,,
406,407 53-009Q,John Smith407,2x1.5 Townhome,4.0,1122,919.0,641.0,2023-04-23,2024-04-22
407,408 53-010,John Smith408,2x1.5 Townhome,4.0,1122,889.0,134.0,2023-01-14,2024-02-29
408,409 53-011,John Smith409,2x1.5 Townhome,4.0,1122,950.0,899.0,2020-09-08,2024-08-31
409,410 53-012,John Smith410,3x1.5 Townhome,5.0,1286,1037.0,1037.0,2021-06-07,2024-06-30
410,411 54-133,John Smith411,3x1.5 Townhome,5.0,1286,1037.0,821.0,2020-02-03,2024-04-30
411,412 54-134Q,John Smith412,2x1.5 Townhome,4.0,1122,1204.0,560.0,2022-08-01,2024-07-31
412,413 54-135Q,John Smith413,2x1.5 Townhome,4.0,1122,899.0,783.0,2020-02-03,2024-03-31
413,414 54-136,John Smith414,2x1.5 Townhome,4.0,1122,1197.0,929.0,2022-09-01,2023-08-31
414,415 54-137Q,John Smith415,2x1.5 Townhome,4.0,1122,943.0,578.0,2023-05-22,2024-05-21
415,416 54-138,John Smith416,2x1.5 Townhome,4.0,1122,899.0,414.0,2020-11-10,2023-11-09
416,417 54-139,John Smith417,2x1.5 Townhome,4.0,1122,970.0,583.0,2022-01-18,2024-07-17
417,418 54-140,John Smith418,2x1.5 Townhome,4.0,1122,954.0,0.0,2023-07-17,2024-07-16
418,419 54-141,John Smith419,2x1.5 Townhome,4.0,1122,972.0,0.0,2021-09-01,2024-08-31
419,420 54-142,John Smith420,3x1.5 Townhome,5.0,1286,1117.0,1029.0,2020-12-01,2024-04-30
420,421 55-125Q,John Smith421,3x1.5 Towhnome,5.0,1286,1346.0,956.0,2021-03-11,2024-03-10
421,422 55-126,John Smith422,2x1.5 Townhome,4.0,1122,848.0,370.0,2019-05-01,2024-07-01
422,423 55-127Q,John Smith423,2x1.5 Townhome,4.0,1122,1199.0,0.0,2009-01-24,2023-12-31
423,424 55-128Q,John Smith424,2x1.5 Townhome,4.0,1122,1204.0,929.0,2022-07-22,2023-07-21
424,425 55-129,John Smith425,2x1.5 Townhome,4.0,1122,902.0,299.0,2015-07-11,2024-06-30
425,426 55-130,John Smith426,2x1.5 Townhome,4.0,1122,899.0,849.0,2014-06-14,2024-01-31
426,427 55-131Q,John Smith427,2x1.5 Townhome,4.0,1122,852.0,852.0,2018-02-23,2024-03-31
427,428 55-132,John Smith428,3x1.5 Townhome,5.0,1286,1037.0,783.0,2021-09-01,2024-08-30
428,429 56-115Q,John Smith429,3x1.5 Towhnome,5.0,1286,929.0,0.0,2023-10-10,2024-10-09
429,430 56-116,John Smith430,2x1.5 Townhome,4.0,1122,929.0,792.0,2019-10-01,2024-01-31
430,431 56-117Q,John Smith431,2x1.5 Townhome,4.0,1122,852.0,549.0,2015-04-01,2024-08-31
431,432 56-118Q,John Smith432,2x1.5 Townhome,4.0,1122,871.0,553.0,2023-05-13,2024-05-12
432,433 56-119,John Smith433,2x1.5 Townhome,4.0,1122,1206.0,758.0,2013-07-25,2023-09-30
433,434 56-120,John Smith434,2x1.5 Townhome,4.0,1122,896.0,0.0,2011-05-15,2024-05-01
434,435 56-121Q,John Smith435,2x1.5 Townhome,4.0,1122,1200.0,733.0,2019-12-02,2024-01-31
435,436 56-122Q,John Smith436,2x1.5 Townhome,4.0,1122,899.0,899.0,2018-06-01,2024-03-31
436,437 56-123,John Smith437,2x1.5 Townhome,4.0,1122,925.0,309.0,2018-06-14,2023-12-31
437,438 56-124,John Smith438,3x1.5 Townhome,5.0,1286,1286.0,811.0,2023-10-27,2024-10-26
438,439 57-107,John Smith439,3x1.5 Townhome,5.0,1286,1297.0,916.0,2019-02-02,2024-01-31
439,440 57-108,John Smith440,2x1.5 Townhome,4.0,1122,926.0,0.0,2016-07-21,2024-10-31
440,441 57-109,John Smith441,2x1.5 Townhome,4.0,1122,929.0,587.0,2017-09-01,2024-02-28
441,442 57-110,John Smith442,2x1.5 Townhome,4.0,1122,1196.0,493.0,2015-12-05,2024-11-30
442,443 57-111,John Smith443,2x1.5 Townhome,4.0,1122,899.0,899.0,2018-05-26,2024-06-30
443,444 57-112Q,John Smith444,2x1.5 Townhome,4.0,1122,903.0,899.0,2023-03-19,2024-03-18
444,445 57-113Q,John Smith445,2x1.5 Townhome,4.0,1122,954.0,954.0,2023-09-13,2024-09-12
445,446 57-114,John Smith446,3x1.5 Townhome,5.0,1286,1037.0,973.0,2020-06-12,2024-07-13
446,447 58-097,John Smith447,3x1.5 Townhome,5.0,1286,1297.0,865.0,2019-04-24,2024-03-31
447,448 58-098,John Smith448,2x1.5 Townhome,4.0,1122,1201.0,677.0,2023-07-05,2024-07-04
448,449 58-099Q,John Smith449,2x1.5 Townhome,4.0,1122,1201.0,866.0,2021-08-11,2024-08-31
449,450 58-100,John Smith450,2x1.5 Townhome,4.0,1122,802.0,802.0,2019-06-25,2024-06-30
450,451 58-1010,John Smith451,2x1.5 Townhome,4.0,1122,955.0,902.0,2021-10-25,2024-09-30
451,452 58-102,John Smith452,2x1.5 Townhome,4.0,1122,1133.0,0.0,2011-06-27,2024-02-28
452,453 58-103,John Smith453,2x1.5 Townhome,4.0,1122,1391.0,861.0,2018-02-01,2024-01-31
453,454 58-104,John Smith454,2x1.5 Townhome,4.0,1122,1130.0,0.0,2018-12-01,2024-11-30
454,455 58-105,VACANT,2x1.5 Townhome,4.0,1122,967.0,0.0,,
455,456 58-106Q,John Smith456,3x1.5 Towhnome,5.0,1286,1039.0,1039.0,2020-02-14,2024-08-31
456,457 59-089Q,John Smith457,3x1.5 Towhnome,5.0,1286,1114.0,1037.0,2018-04-18,2024-09-30
457,458 59-090Q,John Smith458,2x1.5 Townhome,4.0,1122,1200.0,929.0,2020-05-26,2024-04-30
458,459 59-091,John Smith459,2x1.5 Townhome,4.0,1122,929.0,929.0,2020-10-23,2023-09-30
459,460 59-092,John Smith460,2x1.5 Townhome,4.0,1122,954.0,0.0,2013-03-16,2024-02-29
460,461 59-093,John Smith461,2x1.5 Townhome,4.0,1122,1197.0,0.0,2014-02-21,2024-03-31
461,462 59-094,John Smith462,2x1.5 Townhome,4.0,1122,899.0,785.0,2021-05-15,2024-05-14
462,463 59-095,John Smith463,2x1.5 Townhome,4.0,1122,1133.0,0.0,2022-09-01,2024-08-31
463,464 59-096Q,John Smith464,3x1.5 Towhnome,5.0,1286,1339.0,0.0,2009-01-05,2023-10-31
464,465 60-069Q,John Smith465,3x1.5 Towhnome,5.0,1286,1068.0,874.0,2022-11-07,2024-10-31
465,466 60-070,John Smith466,2x1.5 Townhome,4.0,1122,1195.0,841.0,2022-09-09,2023-09-08
466,467 60-071Q,John Smith467,2x1.5 Townhome,4.0,1122,1197.0,825.0,2020-05-21,2024-04-30
467,468 60-072,John Smith468,2x1.5 Townhome,4.0,1122,1206.0,649.0,2018-02-01,2024-09-30
468,469 60-073Q,John Smith469,2x1.5 Townhome,4.0,1122,899.0,899.0,2017-09-01,2024-03-31
469,470 60-074Q,John Smith470,3x1.5 Towhnome,5.0,1286,1303.0,0.0,2009-01-22,2024-05-31
470,471 61-053,John Smith471,3x1.5 Townhome,5.0,1286,1302.0,1029.0,2022-06-03,2023-05-31
471,472 61-054,John Smith472,2x1.5 Townhome,4.0,1122,842.0,0.0,2019-07-01,2024-06-30
472,473 61-055Q,John Smith473,2x1.5 Townhome,4.0,1122,1194.0,834.0,2020-04-24,2024-09-30
473,474 61-056Q,John Smith474,2x1.5 Townhome,4.0,1122,1193.0,0.0,2008-11-07,2024-10-31
474,475 61-057Q,John Smith475,2x1.5 Townhome,4.0,1122,899.0,899.0,2020-05-01,2024-03-31
475,476 61-058,John Smith476,2x1.5 Townhome,4.0,1122,852.0,96.0,2017-03-01,2024-02-28
476,477 61-059Q,John Smith477,2x1.5 Townhome,4.0,1122,902.0,820.0,2017-02-23,2024-07-31
477,478 61-060,John Smith478,3x1.5 Townhome,5.0,1286,1091.0,993.0,2019-08-23,2024-07-31
478,479 62-047,John Smith479,3x1.5 Townhome,5.0,1286,1293.0,963.0,2012-12-01,2024-11-30
479,480 62-048,John Smith480,2x1.5 Townhome,4.0,1122,1382.0,720.0,2015-12-24,2024-07-31
480,481 62-049,John Smith481,2x1.5 Townhome,4.0,1122,929.0,776.0,2017-05-01,2023-12-31
481,482 62-050,John Smith482,2x1.5 Townhome,4.0,1122,966.0,817.0,2021-10-28,2024-03-21
482,483 62-051,John Smith483,2x1.5 Townhome,4.0,1122,1206.0,785.0,2019-01-19,2023-12-31
483,484 62-052,John Smith484,3x1.5 Townhome,5.0,1286,1049.0,1039.0,2020-07-01,2024-07-02
484,485 63-039,John Smith485,3x1.5 Townhome,5.0,1286,1068.0,1065.0,2021-11-01,2023-10-31
485,486 63-040,John Smith486,2x1.5 Townhome,4.0,1122,899.0,899.0,2019-12-18,2023-12-17
486,487 63-041Q,John Smith487,2x1.5 Townhome,4.0,1122,1194.0,902.0,2020-06-05,2024-08-04
487,488 63-042,John Smith488,2x1.5 Townhome,4.0,1122,1203.0,758.0,2019-02-27,2024-07-09
488,489 63-043,John Smith489,2x1.5 Townhome,4.0,1122,802.0,584.0,2018-02-01,2023-12-31
489,490 63-044,John Smith490,2x1.5 Townhome,4.0,1122,900.0,811.0,2021-03-29,2023-12-31
490,491 63-045Q,John Smith491,2x1.5 Townhome,4.0,1122,1146.0,471.0,2014-09-26,2024-09-30
491,492 63-046,John Smith492,3x1.5 Townhome,5.0,1286,1037.0,543.0,2021-04-01,2024-03-31
492,493 64-029,John Smith493,3x1.5 Townhome,5.0,1286,1037.0,1037.0,2020-04-06,2024-03-31
493,494 64-030,John Smith494,2x1.5 Townhome,4.0,1122,852.0,203.0,2019-03-28,2024-04-30
494,495 64-031Q,John Smith495,2x1.5 Townhome,4.0,1122,902.0,520.0,2016-01-09,2024-06-30
495,496 64-032,John Smith496,2x1.5 Townhome,4.0,1122,1193.0,773.0,2019-12-31,2024-11-30
496,497 64-033,John Smith497,2x1.5 Townhome,4.0,1122,899.0,745.0,2021-06-16,2024-06-15
497,498 64-034,John Smith498,2x1.5 Townhome,4.0,1122,1201.0,914.0,2020-05-18,2024-04-30
498,499 64-035,John Smith499,2x1.5 Townhome,4.0,1122,899.0,707.0,2015-07-10,2024-06-30
499,500 64-036,John Smith500,2x1.5 Townhome,4.0,1122,902.0,902.0,2021-10-04,2023-09-30
500,501 64-037,John Smith501,2x1.5 Townhome,4.0,1122,899.0,523.0,2020-06-05,2024-06-04
501,502 64-038Q,John Smith502,3x1.5 Towhnome,5.0,1286,1342.0,684.0,2020-09-01,2024-08-31
502,503 65-021,John Smith503,3x1.5 Townhome,5.0,1286,1037.0,1037.0,2020-02-07,2024-02-28
503,504 65-022,John Smith504,2x1.5 Townhome,4.0,1122,926.0,0.0,2013-08-28,2023-12-31
504,505 65-023Q,John Smith505,2x1.5 Townhome,4.0,1122,1203.0,632.0,2019-12-30,2023-11-30
505,506 65-024,John Smith506,2x1.5 Townhome,4.0,1122,1194.0,0.0,2021-11-12,2023-10-31
506,507 65-025Q,John Smith507,2x1.5 Townhome,4.0,1122,966.0,492.0,2018-02-15,2024-01-31
507,508 65-026,John Smith508,2x1.5 Townhome,4.0,1122,929.0,616.0,2015-12-05,2024-11-30
508,509 65-027,John Smith509,2x1.5 Townhome,4.0,1122,899.0,819.0,2012-12-31,2024-04-30
509,510 65-028Q,John Smith510,3x1.5 Towhnome,5.0,1286,1037.0,1037.0,2014-09-29,2023-12-31
510,511 66-013,John Smith511,3x1.5 Townhome,5.0,1286,982.0,672.0,2012-12-07,2024-10-31
511,512 66-014,John Smith512,2x1.5 Townhome,4.0,1122,899.0,0.0,2016-04-01,2024-03-31
512,513 66-015,John Smith513,2x1.5 Townhome,4.0,1122,1194.0,0.0,2022-08-16,2024-08-16
513,514 66-016,John Smith514,2x1.5 Townhome,4.0,1122,1206.0,179.0,2020-09-01,2024-08-31
514,515 66-017Q,John Smith515,2x1.5 Townhome,4.0,1122,902.0,902.0,2020-06-24,2023-09-30
515,516 66-018,John Smith516,2x1.5 Townhome,4.0,1122,899.0,899.0,2017-04-01,2024-03-31
516,517 66-019,John Smith517,2x1.5 Townhome,4.0,1122,1197.0,929.0,2020-07-27,2024-07-31
517,518 66-020,John Smith518,3x1.5 Townhome,5.0,1286,1039.0,1039.0,2020-06-19,2024-06-18
518,519 67-143Q,John Smith519,2x1.5 Townhome,4.0,1122,902.0,798.0,2021-10-25,2023-07-31
519,520 67-144,John Smith520,2x1.5 Townhome,4.0,1122,876.0,699.0,2014-01-06,2024-03-31
520,521 67-145,John Smith521,2x1.5 Townhome,4.0,1122,832.0,215.0,2019-05-01,2024-04-30
521,522 67-146Q,John Smith522,2x1.5 Townhome,4.0,1122,1198.0,929.0,2018-04-06,2024-04-30
522,523 67-147,John Smith523,2x1.5 Townhome,4.0,1122,967.0,0.0,2011-04-10,2024-03-31
523,524 67-148,John Smith524,3x1.5 Towhnome,5.0,1286,982.0,982.0,2020-02-03,2024-02-02
524,525 68-101F,John Smith525,1x1 Garden Deluxe,3.0,586,822.0,531.0,2019-12-01,2023-11-30
525,526 68-102F,John Smith526,1x1 Garden Deluxe,3.0,586,780.0,568.0,2014-11-20,2024-01-31
526,527 68-103FQ,John Smith527,1x1 Garden Deluxe,3.0,586,1503.0,822.0,2020-12-01,2023-11-30
527,528 68-104FQ,John Smith528,1x1 Garden Deluxe,3.0,586,758.0,402.0,2020-11-01,2023-10-31
528,529 68-105F,John Smith529,1x1 Garden Deluxe,3.0,586,845.0,0.0,2020-05-13,2024-08-12
529,530 68-106F,John Smith530,1x1 Garden Deluxe,3.0,586,780.0,777.0,2022-10-13,2024-09-30
530,531 68-107FQ,John Smith531,1x1 Garden Deluxe,3.0,586,758.0,553.0,2019-07-10,2024-08-31
531,532 68-108F,John Smith532,1x1 Garden Deluxe,3.0,586,1106.0,644.0,2021-10-18,2024-09-30
532,533 68-201F,John Smith533,1x1 Garden Deluxe,3.0,586,780.0,777.0,2022-09-19,2024-08-31
533,534 68-202F,VACANT,1x1 Garden Deluxe,3.0,586,1067.0,0.0,,
534,535 68-203FQ,John Smith535,1x1 Garden Deluxe,3.0,586,758.0,446.0,2009-11-30,2024-11-30
535,536 68-204FQ,John Smith536,1x1 Garden Deluxe,3.0,586,1108.0,658.0,2011-09-03,2024-08-31
536,537 68-205FQ,John Smith537,1x1 Garden Deluxe,3.0,586,1067.0,0.0,2008-10-17,2024-09-30
537,538 68-206F,John Smith538,1x1 Garden Deluxe,3.0,586,1107.0,599.0,2022-09-08,2024-08-31
538,539 68-207F,John Smith539,1x1 Garden Deluxe,3.0,586,847.0,844.0,2019-06-05,2024-05-31
539,540 68-208FQ,John Smith540,1x1 Garden Deluxe,3.0,586,780.0,566.0,2013-03-18,2025-02-28
540,541 69-101EQ,John Smith541,1x1 Garden Deluxe,3.0,586,836.0,514.0,2008-10-30,2024-09-30
541,542 69-102E,John Smith542,1x1 Garden Deluxe,3.0,586,758.0,500.0,2016-01-08,2024-03-31
542,543 69-103EQ,John Smith543,1x1 Garden Deluxe,3.0,586,670.0,465.0,2019-04-03,2024-03-31
543,544 69-104E,John Smith544,1x1 Garden Deluxe,3.0,586,796.0,0.0,2021-10-01,2024-10-01
544,545 69-105E,John Smith545,1x1 Garden Deluxe,3.0,586,672.0,0.0,2019-06-01,2024-06-01
545,546 69-106EQ,John Smith546,1x1 Garden Deluxe,3.0,586,758.0,390.0,2013-06-01,2024-05-31
546,547 69-107E,John Smith547,1x1 Garden Deluxe,3.0,586,1104.0,769.0,2023-01-12,2024-01-11
547,548 69-108EQ,John Smith548,1x1 Garden Deluxe,3.0,586,1390.0,524.0,2020-02-01,2024-01-31
548,549 69-201EQ,John Smith549,1x1 Garden Deluxe,3.0,586,845.0,308.0,2015-06-16,2024-05-31
549,550 69-202E,John Smith550,1x1 Garden Deluxe,3.0,586,732.0,732.0,2022-05-25,2023-04-30
550,551 69-203E,John Smith551,1x1 Garden Deluxe,3.0,586,822.0,633.0,2014-09-05,2024-01-31
551,552 69-204E,John Smith552,1x1 Garden Deluxe,3.0,586,865.0,215.0,2009-01-23,2024-09-30
552,553 69-205EQ,John Smith553,1x1 Garden Deluxe,3.0,586,758.0,745.0,2019-10-17,2024-09-30
553,554 69-206E,John Smith554,1x1 Garden Deluxe,3.0,586,822.0,621.0,2019-11-25,2023-12-31
554,555 69-207E,John Smith555,1x1 Garden Deluxe,3.0,586,780.0,777.0,2021-06-25,2024-06-24
555,556 69-208E,John Smith556,1x1 Garden Deluxe,3.0,586,1103.0,0.0,2018-10-23,2024-09-30
556,557 70-101D,John Smith557,1x1 Garden Deluxe,3.0,586,1110.0,323.0,2020-06-05,2024-06-04
557,558 70-102D,John Smith558,1x1 Garden Deluxe,3.0,586,768.0,566.0,2021-06-03,2024-06-03
558,559 70-103DQ,John Smith559,1x1 Garden Deluxe,3.0,586,979.0,0.0,2022-05-27,2024-04-30
559,560 70-104D,John Smith560,1x1 Garden Deluxe,3.0,586,700.0,350.0,2020-03-23,2023-02-28
560,561 70-105D,John Smith561,1x1 Garden Deluxe,3.0,586,758.0,521.0,2021-07-01,2024-06-30
561,562 70-106D,John Smith562,1x1 Garden Deluxe,3.0,586,700.0,628.0,2015-07-02,2023-10-31
562,563 70-107D,John Smith563,1x1 Garden Deluxe,3.0,586,1106.0,611.0,2021-03-01,2024-02-28
563,564 70-108D,John Smith564,1x1 Garden Deluxe,3.0,586,780.0,504.0,2017-09-01,2023-10-31
564,565 70-201D,John Smith565,1x1 Garden Deluxe,3.0,586,1104.0,0.0,2022-09-07,2024-08-31
565,566 70-202D,John Smith566,1x1 Garden Deluxe,3.0,586,757.0,740.0,2017-09-16,2024-08-31
566,567 70-203DQ,John Smith567,1x1 Garden Deluxe,3.0,586,1202.0,0.0,2011-04-15,2024-03-31
567,568 70-204DQ,John Smith568,1x1 Garden Deluxe,3.0,586,758.0,547.0,2020-02-07,2024-03-31
568,569 70-205D,John Smith569,1x1 Garden Deluxe,3.0,586,758.0,464.0,2015-06-16,2024-05-31
569,570 70-206DQ,John Smith570,1x1 Garden Deluxe,3.0,586,793.0,753.0,2016-01-08,2024-07-03
570,571 70-207D,John Smith571,1x1 Garden Deluxe,3.0,586,822.0,605.0,2020-05-01,2024-04-30
571,572 70-208D,John Smith572,1x1 Garden Deluxe,3.0,586,986.0,553.0,2023-05-07,2024-05-06
572,573 71-101C,John Smith573,1x1 Garden Deluxe,3.0,586,793.0,767.0,2020-08-14,2024-07-31
573,574 71-102CQ,John Smith574,1x1 Garden Deluxe,3.0,586,758.0,745.0,2019-08-12,2024-01-31
574,575 71-103C,John Smith575,1x1 Garden Deluxe,3.0,586,1001.0,546.0,2014-11-25,2024-10-31
575,576 71-104C,John Smith576,1x1 Garden Deluxe,3.0,586,1104.0,646.0,2021-10-25,2023-09-30
576,577 71-105C,John Smith577,1x1 Garden Deluxe,3.0,586,780.0,777.0,2015-07-01,2024-06-30
577,578 71-106C,John Smith578,1x1 Garden Deluxe,3.0,586,782.0,481.0,2021-10-21,2024-10-20
578,579 71-107CQ,John Smith579,1x1 Garden Deluxe,3.0,586,864.0,822.0,2021-11-09,2024-08-13
579,580 71-108C,John Smith580,1x1 Garden Deluxe,3.0,586,758.0,758.0,2021-04-14,2024-04-13
580,581 71-201CQ,John Smith581,1x1 Garden Deluxe,3.0,586,780.0,767.0,2019-08-31,2024-07-31
581,582 71-202C,John Smith582,1x1 Garden Deluxe,3.0,586,1104.0,809.0,2015-06-17,2024-02-03
582,583 71-203CQ,John Smith583,1x1 Garden Deluxe,3.0,586,736.0,0.0,2016-06-09,2024-01-31
583,584 71-204CQ,John Smith584,1x1 Garden Deluxe,3.0,586,790.0,0.0,2020-07-01,2024-11-01
584,585 71-205C,John Smith585,1x1 Garden Deluxe,3.0,586,758.0,547.0,2016-07-21,2023-10-31
585,586 71-206C,John Smith586,1x1 Garden Deluxe,3.0,586,780.0,339.0,2019-04-12,2024-03-31
586,587 71-207CQ,John Smith587,1x1 Garden Deluxe,3.0,586,1105.0,638.0,2013-07-25,2024-06-30
587,588 71-208C,John Smith588,1x1 Garden Deluxe,3.0,586,1109.0,819.0,2020-08-01,2024-07-31
588,589 72-101B,John Smith589,1x1 Garden Deluxe,3.0,586,0.0,0.0,,
589,590 72-102B,John Smith590,1x1 Garden Deluxe,3.0,586,858.0,559.0,2019-11-01,2024-10-31
590,591 72-103BQ,John Smith591,1x1 Garden Deluxe,3.0,586,725.0,725.0,2018-06-01,2024-05-31
591,592 72-104B,John Smith592,1x1 Garden Deluxe,3.0,586,758.0,524.0,2020-11-01,2023-10-31
592,593 72-105B,John Smith593,1x1 Garden Deluxe,3.0,586,869.0,819.0,2022-01-19,2024-05-15
593,594 72-106B,John Smith594,1x1 Garden Deluxe,3.0,586,822.0,614.0,2013-06-23,2024-05-31
594,595 72-107BQ,John Smith595,1x1 Garden Deluxe,3.0,586,1107.0,617.0,2020-09-21,2023-09-30
595,596 72-108BQ,John Smith596,1x1 Garden Deluxe,3.0,586,1197.0,98.0,2019-07-25,2024-06-30
596,597 72-201BQ,John Smith597,1x1 Garden Deluxe,3.0,586,758.0,535.0,2020-06-01,2024-05-31
597,598 72-202BQ,John Smith598,1x1 Garden Deluxe,3.0,586,1112.0,658.0,2019-11-16,2024-10-31
598,599 72-203B,John Smith599,1x1 Garden Deluxe,3.0,586,780.0,767.0,2020-08-12,2024-08-11
599,600 72-204B,John Smith600,1x1 Garden Deluxe,3.0,586,929.0,145.0,2020-09-30,2024-02-03
600,601 72-205B,John Smith601,1x1 Garden Deluxe,3.0,586,822.0,577.0,2019-12-30,2024-11-30
601,602 72-206B,John Smith602,1x1 Garden Deluxe,3.0,586,758.0,755.0,2013-05-16,2024-08-31
602,603 72-207B,John Smith603,1x1 Garden Deluxe,3.0,586,700.0,522.0,2014-08-30,2024-11-30
603,604 72-208B,John Smith604,1x1 Garden Deluxe,3.0,586,1104.0,295.0,2022-10-13,2023-10-12
604,605 73-101A,John Smith605,1x1 Garden Deluxe,3.0,586,780.0,569.0,2020-08-25,2024-08-24
605,606 73-102A,John Smith606,1x1 Garden Deluxe,3.0,586,1012.0,0.0,2019-07-01,2023-12-01
606,607 73-103A,John Smith607,1x1 Garden Deluxe,3.0,586,971.0,563.0,2022-06-29,2024-05-31
607,608 73-104A,John Smith608,1x1 Garden Deluxe,3.0,586,830.0,588.0,2016-09-22,2024-12-31
608,609 73-105AQ,John Smith609,1x1 Garden Deluxe,3.0,586,1108.0,809.0,2022-07-01,2024-06-30
609,610 73-106A,John Smith610,1x1 Garden Deluxe,3.0,586,1109.0,752.0,2014-04-15,2024-03-31
610,611 73-107A,John Smith611,1x1 Garden Deluxe,3.0,586,1095.0,614.0,2020-10-01,2023-09-30
611,612 73-108A,John Smith612,1x1 Garden Deluxe,3.0,586,1401.0,0.0,2014-04-30,2024-03-31
612,613 73-201AQ,John Smith613,1x1 Garden Deluxe,3.0,586,1105.0,765.0,2021-05-03,2024-05-02
613,614 73-202A,John Smith614,1x1 Garden Deluxe,3.0,586,847.0,844.0,2023-09-15,2024-09-14
614,615 73-203A,John Smith615,1x1 Garden Deluxe,3.0,586,1018.0,535.0,2019-04-22,2024-04-01
615,616 73-204A,John Smith616,1x1 Garden Deluxe,3.0,586,822.0,819.0,2020-04-20,2024-03-31
616,617 73-205A,John Smith617,1x1 Garden Deluxe,3.0,586,855.0,741.0,2017-10-01,2024-09-30
617,618 73-206AQ,John Smith618,1x1 Garden Deluxe,3.0,586,822.0,819.0,2020-07-10,2024-06-30
618,619 73-207AQ,John Smith619,1x1 Garden Deluxe,3.0,586,793.0,777.0,2020-08-05,2024-07-31
619,620 73-208A,John Smith620,1x1 Garden Deluxe,3.0,586,816.0,255.0,2020-10-01,2024-09-30
620,621 74-075,John Smith621,2x1.5 Townhome,4.0,1122,842.0,0.0,2013-03-29,2024-04-30
621,622 74-076Q,John Smith622,2x1.5 Townhome,4.0,1122,1130.0,0.0,2016-02-05,2024-01-31
622,623 74-077,VACANT,2x1.5 Townhome,4.0,1122,967.0,0.0,,
623,624 74-078Q,John Smith624,2x1.5 Townhome,4.0,1122,864.0,747.0,2019-01-31,2024-01-31
624,625 74-079,VACANT,2x1.5 Townhome,4.0,1122,967.0,0.0,,
625,626 74-080,John Smith626,2x1.5 Townhome,4.0,1122,899.0,0.0,2017-09-07,2024-08-31
626,627 74-081,John Smith627,2x1.5 Townhome,4.0,1122,899.0,400.0,2018-06-14,2023-10-31
627,628 74-082Q,John Smith628,3x1.5 Towhnome,5.0,1286,1037.0,995.0,2019-05-06,2024-04-30
628,629 74-083,John Smith629,3x1.5 Townhome,5.0,1286,1298.0,1068.0,2020-12-01,2024-05-31
629,630 74-084Q,John Smith630,2x1.5 Townhome,4.0,1122,1003.0,391.0,2017-09-15,2024-08-31
630,631 74-085Q,John Smith631,2x1.5 Townhome,4.0,1122,899.0,520.0,2020-02-01,2024-02-28
631,632 74-086,John Smith632,2x1.5 Townhome,4.0,1122,925.0,902.0,2019-09-11,2023-12-11
632,633 74-087,John Smith633,2x1.5 Townhome,4.0,1122,899.0,239.0,2021-07-16,2024-07-15
633,634 74-088,John Smith634,3x1.5 Townhome,5.0,1286,1523.0,546.0,2019-04-24,2024-03-31
634,635 75-061,John Smith635,2x1.5 Townhome,4.0,1122,899.0,899.0,2021-06-01,2024-05-31
635,636 75-062,John Smith636,2x1.5 Townhome,4.0,1122,876.0,0.0,2019-06-21,2024-05-31
636,637 75-063,John Smith637,2x1.5 Townhome,4.0,1122,1198.0,859.0,2018-05-18,2024-04-30
637,638 75-064Q,John Smith638,2x1.5 Townhome,4.0,1122,899.0,785.0,2020-02-24,2024-02-28
638,639 75-065Q,John Smith639,2x1.5 Townhome,4.0,1122,929.0,0.0,2021-04-05,2024-03-31
639,640 75-066,John Smith640,2x1.5 Townhome,4.0,1122,929.0,0.0,2022-11-01,2023-10-31
640,641 75-067,John Smith641,2x1.5 Townhome,4.0,1122,899.0,899.0,2014-10-10,2023-11-30
641,642 75-068,John Smith642,3x1.5 Townhome,4.0,1286,902.0,902.0,2021-10-01,2023-09-30
642,643 76-101A,John Smith643,2x1 Garden,4.0,882,1159.0,876.0,2023-01-09,2024-01-08
643,644 76-101BQ,John Smith644,2x1 Garden,4.0,882,1149.0,439.0,2022-09-23,2024-08-31
644,645 76-101C,John Smith645,2x1 Garden,4.0,882,1074.0,455.0,2019-12-04,2024-12-03
645,646 76-102AQ,John Smith646,2x1 Garden,4.0,882,1068.0,783.0,2022-01-20,2023-01-31
646,647 76-102B,John Smith647,2x1 Garden,4.0,882,1252.0,435.0,2022-08-22,2024-07-31
647,648 76-102C,John Smith648,2x1 Garden,4.0,882,1062.0,0.0,2021-11-11,2023-10-31
648,649 76-103A,John Smith649,2x1 Garden,4.0,882,1082.0,807.0,2022-06-01,2024-05-31
649,650 76-103B,John Smith650,2x1 Garden,4.0,882,845.0,666.0,2011-09-20,2024-08-31
650,651 76-103C,John Smith651,2x1 Garden,4.0,882,1054.0,0.0,2019-05-13,2024-04-30
651,652 76-104A,John Smith652,2x1 Garden,4.0,882,1033.0,451.0,2018-12-31,2023-12-31
652,653 76-104B,John Smith653,2x1 Garden,4.0,882,1068.0,157.0,2020-01-24,2024-01-23
653,654 76-104CQ,John Smith654,2x1 Garden,4.0,882,1244.0,382.0,2019-07-19,2024-06-30
654,655 76-201AQ,John Smith655,2x1 Garden,4.0,882,1157.0,827.0,2021-05-21,2024-04-30
655,656 76-201BQ,John Smith656,2x1 Garden,4.0,882,1159.0,613.0,2015-03-14,2023-09-30
656,657 76-201CQ,John Smith657,2x1 Garden,4.0,882,1068.0,0.0,2020-01-31,2023-12-31
657,658 76-202A,John Smith658,2x1 Garden,4.0,882,846.0,0.0,2020-11-20,2024-11-02
658,659 76-202B,John Smith659,2x1 Garden,4.0,882,835.0,835.0,2022-12-19,2023-11-30
659,660 76-202C,John Smith660,2x1 Garden,4.0,882,1155.0,147.0,2019-06-26,2024-05-31
660,661 76-203AQ,John Smith661,2x1 Garden,4.0,882,829.0,0.0,2021-09-10,2024-08-31
661,662 76-203B,John Smith662,2x1 Garden,4.0,882,1151.0,0.0,2013-03-25,2024-04-30
662,663 76-203C,John Smith663,2x1 Garden,4.0,882,822.0,822.0,2020-10-08,2023-10-07
663,664 76-204A,John Smith664,2x1 Garden,4.0,882,1037.0,291.0,2021-02-01,2024-01-31
664,665 76-204B,John Smith665,2x1 Garden,4.0,882,1071.0,708.0,2020-10-08,2023-10-07
665,666 76-204C,John Smith666,2x1 Garden,4.0,882,1626.0,779.0,2019-06-27,2024-06-30
666,667 77-101D,John Smith667,2x1 Garden,4.0,882,1075.0,728.0,2019-08-08,2024-08-31
667,668 77-101E,John Smith668,2x1 Garden,4.0,882,1049.0,783.0,2020-01-24,2024-01-26
668,669 77-101FQ,VACANT,2x1 Garden,4.0,882,1259.0,0.0,,
669,670 77-102DQ,John Smith670,2x1 Garden,4.0,882,1071.0,135.0,2021-06-09,2024-05-31
670,671 77-102E,John Smith671,2x1 Garden,4.0,882,1037.0,779.0,2021-05-05,2024-05-04
671,672 77-102FQ,John Smith672,2x1 Garden,4.0,882,1151.0,237.0,2019-06-01,2024-05-31
672,673 77-103D,John Smith673,2x1 Garden,4.0,882,838.0,0.0,2019-04-02,2024-03-31
673,674 77-103E,John Smith674,2x1 Garden,4.0,882,836.0,836.0,2022-12-19,2023-12-31
674,675 77-103FQ,John Smith675,2x1 Garden,4.0,882,1244.0,691.0,2020-04-03,2024-03-31
675,676 77-104DQ,VACANT,2x1 Garden,4.0,882,1259.0,0.0,,
676,677 77-104E,John Smith677,2x1 Garden,4.0,882,1147.0,702.0,2022-12-15,2023-12-14
677,678 77-104F,John Smith678,2x1 Garden,4.0,882,1150.0,876.0,2021-04-13,2024-03-31
678,679 77-201DQ,John Smith679,2x1 Garden,4.0,882,848.0,0.0,2019-12-11,2024-12-01
679,680 77-201EQ,John Smith680,2x1 Garden,4.0,882,854.0,0.0,2019-09-04,2023-11-30
680,681 77-201F,John Smith681,2x1 Garden,4.0,882,1152.0,634.0,2020-08-06,2024-08-05
681,682 77-202D,John Smith682,2x1 Garden,4.0,882,1039.0,786.0,2016-03-25,2024-02-29
682,683 77-202E,John Smith683,2x1 Garden,4.0,882,980.0,671.0,2019-04-19,2024-03-31
683,684 77-202F,John Smith684,2x1 Garden,4.0,882,1153.0,856.0,2020-09-01,2024-08-31
684,685 77-203D,John Smith685,2x1 Garden,4.0,882,1157.0,687.0,2022-11-11,2023-11-10
685,686 77-203EQ,John Smith686,2x1 Garden,4.0,882,1074.0,294.0,2016-06-01,2024-02-28
686,687 77-203F,John Smith687,2x1 Garden,4.0,882,1147.0,541.0,2022-01-04,2023-12-31
687,688 77-204D,John Smith688,2x1 Garden,4.0,882,863.0,850.0,2014-09-29,2023-08-31
688,689 77-204EQ,John Smith689,2x1 Garden,4.0,882,1152.0,663.0,2019-07-01,2023-10-31
689,690 77-204FQ,John Smith690,2x1 Garden,4.0,882,1148.0,874.0,2021-11-02,2023-10-31
690,691 78-101G,John Smith691,2x1 Garden,4.0,882,1154.0,671.0,2019-11-27,2023-11-30
691,692 78-101H,John Smith692,2x1 Garden,4.0,882,1147.0,423.0,2013-01-30,2023-09-30
692,693 78-102G,John Smith693,2x1 Garden,4.0,882,830.0,0.0,2017-12-01,2024-11-30
693,694 78-102H,John Smith694,2x1 Garden,4.0,882,1474.0,860.0,2019-06-26,2024-05-31
694,695 78-103G,John Smith695,2x1 Garden,4.0,882,1157.0,0.0,2022-12-15,2023-11-30
695,696 78-103H,John Smith696,2x1 Garden,4.0,882,1250.0,602.0,2019-12-01,2023-11-30
696,697 78-104G,John Smith697,2x1 Garden,4.0,882,876.0,0.0,2021-10-13,2023-09-30
697,698 78-104HQ,John Smith698,2x1 Garden,4.0,882,1059.0,776.0,2022-05-06,2024-04-30
698,699 78-201GQ,John Smith699,2x1 Garden,4.0,882,1052.0,767.0,2019-03-01,2024-02-03
699,700 78-201H,John Smith700,2x1 Garden,4.0,882,1055.0,580.0,2020-03-27,2024-02-28
700,701 78-202G,John Smith701,2x1 Garden,4.0,882,1036.0,0.0,2019-06-29,2024-05-31
701,702 78-202H,John Smith702,2x1 Garden,4.0,882,1067.0,786.0,2020-05-15,2024-04-30
702,703 78-203G,John Smith703,2x1 Garden,4.0,882,1752.0,358.0,2018-06-01,2024-05-31
703,704 78-203H,John Smith704,2x1 Garden,4.0,882,1247.0,774.0,2021-11-01,2024-10-31
704,705 78-204GQ,John Smith705,2x1 Garden,4.0,882,901.0,901.0,2023-07-17,2024-07-16
705,706 78-204HQ,John Smith706,2x1 Garden,4.0,882,1051.0,876.0,2019-12-20,2023-11-30
706,707 79-101,VACANT,2x1 Garden,4.0,882,1071.0,0.0,,
707,708 79-101JQ,VACANT,2x1 Garden,4.0,882,1071.0,0.0,,
708,709 79-1021,John Smith709,2x1 Garden,4.0,882,1075.0,292.0,2020-10-30,2024-10-31
709,710 79-102J,John Smith710,2x1 Garden,4.0,882,836.0,0.0,2022-02-25,2023-01-31
710,711 79-1031,John Smith711,2x1 Garden,4.0,882,1264.0,325.0,2021-05-01,2024-04-30
711,712 79-103JQ,John Smith712,2x1 Garden,4.0,882,1282.0,580.0,2020-05-05,2024-04-30
712,713 79-1041,John Smith713,2x1 Garden,4.0,882,1063.0,786.0,2021-04-01,2024-03-31
713,714 79-104JQ,John Smith714,2x1 Garden,4.0,882,1217.0,0.0,2021-09-24,2024-08-31
714,715 79-2011,John Smith715,2x1 Garden,4.0,882,1074.0,281.0,2014-09-26,2024-06-30
715,716 79-201J,John Smith716,2x1 Garden,4.0,882,1071.0,0.0,2021-11-05,2024-10-31
716,717 79-2021,John Smith717,2x1 Garden,4.0,882,1044.0,625.0,2015-03-30,2024-04-30
717,718 79-202JQ,John Smith718,2x1 Garden,4.0,882,876.0,0.0,2009-02-05,2024-01-31
718,719 79-2031,John Smith719,2x1 Garden,4.0,882,1153.0,681.0,2019-06-26,2024-05-31
719,720 79-203J,John Smith720,2x1 Garden,4.0,882,1074.0,355.0,2020-02-15,2024-02-14
720,721 79-2041,John Smith721,2x1 Garden,4.0,882,1046.0,531.0,2020-09-01,2024-08-31
721,722 79-204J,John Smith722,2x1 Garden,4.0,882,1084.0,779.0,2020-07-31,2023-11-30
722,723 80-101KQ,John Smith723,2x1 Garden,4.0,882,866.0,649.0,2014-06-07,2024-05-31
723,724 80-101LQ,John Smith724,2x1 Garden,4.0,882,876.0,0.0,2022-02-17,2023-01-31
724,725 80-102KQ,John Smith725,2x1 Garden,4.0,882,876.0,179.0,2020-09-14,2023-08-31
725,726 80-102L,John Smith726,2x1 Garden,4.0,882,976.0,846.0,2022-08-15,2024-08-14
726,727 80-103K,John Smith727,2x1 Garden,4.0,882,1075.0,0.0,2020-05-04,2024-09-03
727,728 80-103L,John Smith728,2x1 Garden,4.0,882,938.0,0.0,2019-03-22,2024-09-28
728,729 80-104K,John Smith729,2x1 Garden,4.0,882,876.0,0.0,2013-06-20,2024-05-31
729,730 80-104L,John Smith730,2x1 Garden,4.0,882,928.0,574.0,2022-01-01,2024-10-01
730,731 80-201K,John Smith731,2x1 Garden,4.0,882,1076.0,0.0,2019-05-02,2024-04-30
731,732 80-201L,John Smith732,2x1 Garden,4.0,882,1068.0,779.0,2021-01-15,2024-01-14
732,733 80-202K,John Smith733,2x1 Garden,4.0,882,1386.0,754.0,2022-05-05,2024-04-30
733,734 80-202L,John Smith734,2x1 Garden,4.0,882,836.0,766.0,2022-08-11,2023-08-31
734,735 80-203K,John Smith735,2x1 Garden,4.0,882,876.0,666.0,2016-10-22,2023-10-31
735,736 80-203L,VACANT,2x1 Garden,4.0,882,1071.0,0.0,,
736,737 80-204KQ,John Smith737,2x1 Garden,4.0,882,1273.0,686.0,2019-07-15,2024-06-30
737,738 80-204LQ,John Smith738,2x1 Garden,4.0,882,876.0,722.0,2021-12-01,2023-11-30
